{"tp2_tc1": {"timePerIteration": 6.1012, "timePerOMP": 1.54111, "timePerKSVD": 4.560090000000001}, "tp2_tc10": {"timePerIteration": 36.223655, "timePerOMP": 1.67609, "timePerKSVD": 34.547565}, "tp2_tc5": {"timePerIteration": 19.998464999999996, "timePerOMP": 1.598435, "timePerKSVD": 18.400029999999997}, "tp3_tc1": {"timePerIteration": 8.13034, "timePerOMP": 1.54429, "timePerKSVD": 6.58605}, "tp3_tc10": {"timePerIteration": 53.001599999999996, "timePerOMP": 1.71839, "timePerKSVD": 51.28321}, "tp3_tc5": {"timePerIteration": 28.552169999999997, "timePerOMP": 1.7096000000000005, "timePerKSVD": 26.842569999999995}, "tp4_tc1": {"timePerIteration": 9.919109999999998, "timePerOMP": 1.6164600000000002, "timePerKSVD": 8.302649999999998}, "tp4_tc10": {"timePerIteration": 69.57303, "timePerOMP": 1.66856, "timePerKSVD": 67.90447}, "tp4_tc5": {"timePerIteration": 36.94142, "timePerOMP": 1.6699399999999998, "timePerKSVD": 35.271480000000004}, "tp5_tc1": {"timePerIteration": 11.429960000000001, "timePerOMP": 1.598575, "timePerKSVD": 9.831385000000001}, "tp5_tc10": {"timePerIteration": 85.98152, "timePerOMP": 1.7284349999999997, "timePerKSVD": 84.253085}, "tp5_tc5": {"timePerIteration": 44.835024999999995, "timePerOMP": 1.71474, "timePerKSVD": 43.120284999999996}}